{
    "accuracy": 0.4279,
    "precision": 0.2501,
    "recall": 0.9316,
    "f1_score": 0.3943,
    "roc_auc": 0.7409,
    "mse": 0.20286,
    "rmse": 0.4504,
    "mae": 0.407377,
    "mape": 323314297192.444,
    "r2": -0.268349,
    "profit": 4908832.5,
    "decision_threshold": 0.28,
    "confusion_matrix": {
        "tn": 7250,
        "fp": 16753,
        "fn": 410,
        "tp": 5587
    },
    "model_name": "xgboost"
}