{
    "accuracy": 0.3099,
    "precision": 0.2144,
    "recall": 0.9205,
    "f1_score": 0.3478,
    "roc_auc": 0.611,
    "mse": 0.251319,
    "rmse": 0.501317,
    "mae": 0.501293,
    "mape": 402098505885.3876,
    "r2": -0.571334,
    "profit": -1053642.5,
    "confusion_matrix": {
        "tn": 3776,
        "fp": 20227,
        "fn": 477,
        "tp": 5520
    },
    "model_name": "logistic_regression"
}